ngram,n,count,keyword
science foundation,2,169302,foundation
foundation of,2,130729,foundation
natural science,2,114509,science
the national,2,114359,national
science foundation of,3,113246,foundation
natural science foundation,3,110989,foundation
funded by,2,88415,fund
foundation of china,3,87268,foundation
science and,2,81840,science
research council,2,78377,council
national natural,2,75585,national
national natural science,3,74788,science
institutes of,2,70867,institute
institute of,2,69686,institute
funding this,2,69617,fund
science and technology,3,68075,science
institutes of health,3,66361,institute
ministry of,2,59630,ministry
national institutes,2,56953,institute
research and,2,56894,research
national institutes of,3,56753,institute
national institute,2,56081,institute
was funded,2,55479,fund
funded by the,3,51469,fund
was funded by,3,50757,fund
this research,2,50106,research
of science,2,48526,science
national institute of,3,44976,institute
national science,2,43040,science
by the national,3,42875,national
research was,2,42104,research
the funders,2,42036,fund
funders had,2,40949,fund
funders had no,3,40812,fund
the funders had,3,40563,fund
this research was,3,37675,research
funding this work,3,37158,fund
research foundation,2,36761,foundation
national science foundation,3,33215,foundation
the national natural,3,31991,national
research and development,3,31703,research
medical research,2,30624,research
the research,2,25974,research
of science and,3,25472,science
national key,2,23467,national
key research,2,19971,research
from the national,3,19886,national
funding from,2,19878,fund
research program,2,19855,research
scientific research,2,19359,research
wellcome trust,2,18990,trust
national research,2,18739,research
the national institutes,3,18598,institute
ministry of education,3,18512,ministry
key research and,3,18393,research
the ministry,2,18347,ministry
research was supported,3,17946,research
the ministry of,3,17805,ministry
medical research council,3,17725,council
foundation for,2,17675,foundation
council of,2,17614,council
ministry of science,3,17488,ministry
institute for,2,16750,institute
research was funded,3,16544,fund
nih national,2,16501,national
funding this research,3,16065,fund
cancer research,2,15908,research
medical sciences,2,15869,science
european research,2,15817,research
work was funded,3,15406,fund
health research,2,14518,research
european research council,3,14412,council
funding for,2,14185,fund
national key research,3,14039,research
research fund,2,13789,fund
funding from the,3,13752,fund
cancer institute,2,13725,institute
research and innovation,3,13671,research
the national institute,3,13398,institute
research institute,2,13300,institute
of the national,3,13214,national
funding this study,3,13176,fund
research council of,3,12599,council
institute of allergy,3,12464,institute
and research,2,12285,research
sciences research,2,12231,research
promotion of science,3,12095,science
by national,2,12073,national
national cancer,2,11822,national
funding the,2,11727,fund
research grant,2,11504,research
institute of general,3,11438,institute
of sciences,2,11400,science
sciences and,2,11144,science
for research,2,11005,research
general medical sciences,3,10950,science
basic research,2,10922,research
fund for,2,10875,fund
national cancer institute,3,10818,institute
the national science,3,10798,science
academy of sciences,3,10780,science
nih national institute,3,10767,institute
and the national,3,10658,national
national research foundation,3,10624,foundation
research project,2,10616,research
biological sciences,2,10585,science
sciences research council,3,10570,council
the national key,3,10543,national
china national,2,10480,national
research foundation of,3,9927,foundation
foundation grant,2,9896,foundation
research program of,3,9645,research
fund of,2,9512,fund
of china national,3,9487,national
engineering research,2,9471,research
study was funded,3,9360,fund
biological sciences research,3,9298,research
and biological sciences,3,9261,science
funds for,2,9149,fund
10 13039 501100001809national,3,9085,national
13039 501100001809national,2,9085,national
501100001809national natural,2,9034,national
501100001809national natural science,3,9033,science
and engineering research,3,9028,research
research center,2,9007,research
13039 501100001809national natural,3,8991,national
for the research,3,8953,research
is funded,2,8940,fund
for scientific research,3,8920,research
research funds,2,8836,fund
health national,2,8540,national
funding acquisition,2,8288,fund
is funded by,3,8194,fund
german research,2,8158,research
of health national,3,8114,national
fundamental research,2,8044,fund
supported by national,3,8005,national
the natural science,3,8002,science
engineering research council,3,7974,council
agency for,2,7966,agency
13039 100000002national,2,7875,national
10 13039 100000002national,3,7875,national
13039 100000002national institutes,3,7819,institute
100000002national institutes,2,7819,institute
100000002national institutes of,3,7819,institute
natural sciences,2,7800,science
research fellowship,2,7787,research
research authorship,2,7782,research
the research authorship,3,7775,research
research authorship and,3,7770,research
sciences and engineering,3,7697,science
services nih national,3,7558,national
german research foundation,3,7445,foundation
nationale de,2,7399,national
institute on,2,7347,institute
council of canada,3,7345,council
foundation and,2,7262,foundation
the wellcome trust,3,7151,trust
development fund,2,7082,fund
national key r,3,6997,national
by the ministry,3,6976,ministry
nationale de la,3,6951,national
research funds for,3,6908,fund
received funding,2,6867,fund
the science,2,6833,science
2020 research,2,6818,research
foundation the,2,6777,foundation
government of,2,6758,government
funds for the,3,6741,fund
fundamental research funds,3,6726,fund
the national research,3,6709,research
horizon 2020 research,3,6705,research
and medical research,3,6705,research
funded by a,3,6700,fund
2020 research and,3,6677,research
natural sciences and,3,6639,science
national health,2,6553,national
foundation of korea,3,6547,foundation
ministry of health,3,6484,ministry
science fund,2,6455,fund
of health research,3,6422,research
agence nationale,2,6410,national
access funding,2,6386,fund
open access funding,3,6383,fund
research centre,2,6358,research
swiss national,2,6290,national
received funding from,3,6277,fund
foundation of china10,3,6245,foundation
national institute on,3,6216,institute
funds from,2,6106,fund
biomedical research,2,6082,research
research uk,2,6080,research
the funding,2,6074,fund
hhs nih national,3,6031,national
swedish research,2,6007,research
and national,2,5894,national
science technology,2,5847,science
swiss national science,3,5835,science
for medical research,3,5807,research
agence nationale de,3,5779,national
swedish research council,3,5695,council
research system,2,5657,research
canadian institutes,2,5584,institute
funding for this,3,5559,fund
funding for open,3,5533,fund
australian research,2,5523,research
science foundation grant,3,5469,foundation
for science,2,5433,science
science research,2,5430,research
postdoctoral science,2,5429,science
national health and,3,5335,national
foundation http,2,5280,foundation
of research,2,5223,research
foundation nsf,2,5204,foundation
science foundation nsf,3,5159,foundation
intramural research,2,5117,research
australian research council,3,5102,council
foundation 10,2,5051,foundation
canadian institutes of,3,5045,institute
foundation 10 13039,3,5034,foundation
national center,2,4982,national
spanish ministry,2,4957,ministry
regional development fund,3,4928,fund
postdoctoral science foundation,3,4896,foundation
medical institute,2,4884,institute
office of science,3,4881,science
from the ministry,3,4877,ministry
national institute for,3,4840,institute
gates foundation,2,4832,foundation
fundação de,2,4830,fund
technology research,2,4802,research
for health research,3,4801,research
spanish ministry of,3,4799,ministry
the science and,3,4788,science
foundation10 13039,2,4784,foundation
education and research,3,4759,research
hughes medical institute,3,4755,institute
funding information,2,4747,fund
research in,2,4743,research
foundation http dx,3,4726,foundation
medical research and,3,4718,research
melinda gates foundation,3,4717,foundation
funding open,2,4706,fund
institute of health,3,4699,institute
funding open access,3,4689,fund
funding was,2,4646,fund
the european research,3,4597,research
agriculture research,2,4597,research
national center for,3,4591,national
blood institute,2,4496,institute
science jsps,2,4496,science
fundação de amparo,3,4494,fund
sports science,2,4482,science
of science jsps,3,4479,science
for research and,3,4470,research
federal ministry,2,4466,ministry
and blood institute,3,4450,institute
sports science and,3,4439,science
culture sports science,3,4434,science
china postdoctoral science,3,4351,science
by funding,2,4344,fund
agency for medical,3,4294,agency
national heart,2,4271,national
foundation to,2,4267,foundation
european commission,2,4259,commission
institute nci,2,4255,institute
cancer institute nci,3,4245,institute
institute of food,3,4228,institute
research grants,2,4192,research
innovation fund,2,4176,fund
institute for health,3,4166,institute
cancer research uk,3,4164,research
funds from the,3,4145,fund
external funding,2,4085,fund
agriculture research system,3,4083,research
the institute,2,4073,institute
austrian science,2,4072,science
council for,2,4068,council
research project of,3,4051,research
national heart lung,3,4029,national
funding provided,2,4008,fund
funded in,2,3980,fund
agricultural research,2,3972,research
institute on aging,3,3953,institute
council erc,2,3912,council
federal ministry of,3,3900,ministry
research council erc,3,3899,council
basic research program,3,3858,research
a research,2,3830,research
china national science,3,3828,science
research development,2,3794,research
by funding from,3,3750,fund
the fundamental,2,3743,fund
department of science,3,3741,science
foundation national,2,3740,foundation
funding provided by,3,3723,fund
clinical research,2,3723,research
research received,2,3695,research
institute of diabetes,3,3687,institute
commission of,2,3678,commission
biomedical research centre,3,3676,research
health national institutes,3,3668,institute
national de,2,3666,national
the fundamental research,3,3658,fund
this research received,3,3626,research
supported by funding,3,3620,fund
japan agency,2,3603,agency
provincial natural science,3,3587,science
china agriculture research,3,3579,research
agricultural sciences,2,3576,science
japan agency for,3,3573,agency
by national institutes,3,3537,institute
ministry of agriculture,3,3527,ministry
austrian science fund,3,3514,fund
for cancer research,3,3509,research
the swedish research,3,3507,research
council http,2,3491,council
genome research,2,3485,research
china national natural,3,3483,national
national laboratory,2,3475,national
for science and,3,3473,science
for funding,2,3457,fund
foundation and the,3,3446,foundation
the funder,2,3432,fund
fundação para,2,3424,fund
italian ministry,2,3418,ministry
foundation of guangdong,3,3414,foundation
fundação para a,3,3388,fund
a national,2,3360,national
life sciences,2,3356,science
hhs national,2,3354,national
hhs national institutes,3,3354,institute
research council http,3,3351,council
council grant,2,3347,council
research on,2,3337,research
s national,2,3335,national
council http dx,3,3312,council
council10 13039,2,3309,council
research received no,3,3300,research
research agency,2,3274,agency
funding to,2,3267,fund
funded in part,3,3252,fund
national de la,3,3227,national
and science,2,3216,science
nationalfonds zur,2,3207,national
the german research,3,3200,research
access funding provided,3,3193,fund
italian ministry of,3,3184,ministry
institute national,2,3179,institute
nationalfonds zur förderung,3,3158,national
research of,2,3139,research
health sciences,2,3123,science
the swiss national,3,3111,national
scholarship council,2,3111,council
diseases national,2,3087,national
no external funding,3,3086,fund
research council10,2,3069,council
research council10 13039,3,3069,council
institute of neurological,3,3065,institute
the research was,3,3065,research
funding and,2,3061,fund
intramural research program,3,3060,research
national science and,3,3050,science
research council grant,3,3046,council
us national,2,3019,national
project was funded,3,3001,fund
the spanish ministry,3,2984,ministry
of agricultural sciences,3,2968,science
council bbsrc,2,2945,council
research council bbsrc,3,2944,council
of medical sciences,3,2941,science
funding enabled,2,2916,fund
funding enabled and,3,2911,fund
access funding enabled,3,2911,fund
of the ministry,3,2891,ministry
100000001national science,2,2891,science
research projects,2,2891,research
100000001national science foundation,3,2891,foundation
sciences nigms,2,2879,science
medical sciences nigms,3,2875,science
german federal,2,2868,federal
russian science,2,2862,science
10 13039 100000001national,3,2847,national
13039 100000001national,2,2847,national
13039 100000001national science,3,2846,science
has received funding,3,2841,fund
of national,2,2829,national
the international,2,2818,national
science and engineering,3,2818,science
nih national cancer,3,2799,national
agricultural science,2,2796,science
cancer foundation,2,2790,foundation
technology commission,2,2775,commission
the medical research,3,2767,research
were funded,2,2763,fund
funding was provided,3,2746,fund
by national natural,3,2744,national
special fund,2,2731,fund
university research,2,2726,research
ministry of economy,3,2692,ministry
by the research,3,2688,research
council 10,2,2677,council
council 10 13039,3,2676,council
fund of the,3,2675,fund
s research,2,2674,research
was funded in,3,2666,fund
applied basic research,3,2664,research
research institute of,3,2651,institute
human genome research,3,2639,research
partially funded,2,2638,fund
institute of mental,3,2633,institute
russian science foundation,3,2632,foundation
government of india,3,2594,government
science centre,2,2590,science
graduate research,2,2589,research
funds of,2,2586,fund
the national cancer,3,2557,national
and technology commission,3,2541,commission
specific funding,2,2521,fund
research initiative,2,2511,research
the foundation,2,2510,foundation
french national,2,2503,national
genome research institute,3,2488,institute
research council 10,3,2479,council
science foundation10,2,2476,foundation
science foundation10 13039,3,2476,foundation
ministry for,2,2474,ministry
from national,2,2457,national
partially funded by,3,2456,fund
the european commission,3,2452,commission
sciences national,2,2451,science
environmental research,2,2450,research
priority research,2,2449,research
research national,2,2440,research
the institute of,3,2439,institute
were funded by,3,2437,fund
h2020 european research,3,2435,research
national science centre,3,2434,science
foundation dfg,2,2433,foundation
health commission,2,2432,commission
institutes of health10,3,2416,institute
no specific funding,3,2414,fund
fund project,2,2406,fund
funded by grants,3,2402,fund
national human,2,2399,national
agricultural science and,3,2394,science
german federal ministry,3,2391,ministry
funding this project,3,2390,fund
science and higher,3,2367,science
heart foundation,2,2367,foundation
foundation of jiangsu,3,2361,foundation
foundation for the,3,2359,foundation
funder had,2,2356,fund
national human genome,3,2353,national
institute of child,3,2337,institute
foundation grant no,3,2336,foundation
specific funding for,3,2333,fund
china natural science,3,2333,science
the funder had,3,2319,fund
national basic,2,2315,national
sciences of,2,2314,science
schweizerischer nationalfonds,2,2310,national
institute and,2,2296,institute
nordisk foundation,2,2293,foundation
schweizerischer nationalfonds zur,3,2292,national
research funding,2,2291,fund
excellent science,2,2290,science
by funds,2,2287,fund
priority research program,3,2287,research
physical sciences,2,2284,science
translational sciences,2,2281,science
the intramural research,3,2280,research
fund and,2,2276,fund
health national institute,3,2271,institute
funder had no,3,2269,fund
strategic priority research,3,2266,research
canada research,2,2263,research
science and innovation,3,2261,science
national basic research,3,2261,research
foundation project,2,2254,foundation
u s national,3,2253,national
institute http,2,2251,institute
research foundation dfg,3,2249,foundation
china scholarship council,3,2246,council
foundation https,2,2242,foundation
science technology and,3,2238,science
by research,2,2234,research
research service,2,2209,research
collaborative research,2,2205,research
research the,2,2187,research
and physical sciences,3,2187,science
the natural sciences,3,2174,science
council mrc,2,2168,council
environment research,2,2167,research
research council mrc,3,2163,council
science of,2,2156,science
physical sciences research,3,2146,research
research is,2,2131,research
uk medical research,3,2117,research
science foundation http,3,2106,foundation
innovative research,2,2098,research
life science,2,2098,science
research training,2,2097,research
institute http dx,3,2096,institute
the national center,3,2084,national
the canadian institutes,3,2068,institute
services national,2,2066,national
national research agency,3,2060,agency
funding agencies,2,2060,fund
infectious diseases national,3,2057,national
human services national,3,2046,national
basic science,2,2044,science
novo nordisk foundation,3,2040,foundation
funding and additional,3,2031,fund
research for,2,2030,research
services national institutes,3,2022,institute
science foundation national,3,2017,foundation
fund fwf,2,2014,fund
funding support,2,2014,fund
research fund of,3,2008,fund
science program,2,2007,science
for international,2,2004,national
the government,2,2001,government
programme for research,3,2000,research
a wellcome trust,3,1997,trust
the federal,2,1995,federal
science fund fwf,3,1992,fund
foundation of shandong,3,1992,foundation
technology agency,2,1991,agency
funding information this,3,1990,fund
sciences of the,3,1985,science
the italian ministry,3,1983,ministry
research chair,2,1980,research
family foundation,2,1979,foundation
australian government,2,1976,government
the german federal,3,1973,federal
research team,2,1968,research
trust and,2,1967,trust
research award,2,1958,research
acknowledge funding,2,1958,fund
national council,2,1955,council
university of science,3,1952,science
research grant from,3,1952,research
japan science,2,1940,science
funded by national,3,1931,fund
sciences grant,2,1930,science
graduate research fellowship,3,1927,research
in science,2,1925,science
and environmental research,3,1920,research
education commission,2,1918,commission
municipal science,2,1908,science
advancing translational sciences,3,1900,science
ministry of higher,3,1895,ministry
research in the,3,1895,research
funding the authors,3,1895,fund
through the national,3,1890,national
advanced research,2,1889,research
science center,2,1889,science
acknowledges funding,2,1876,fund
medical science,2,1876,science
trust grant,2,1872,trust
funded through,2,1870,fund
cancer research foundation,3,1867,foundation
funding sources,2,1858,fund
institute of environmental,3,1856,institute
and technology agency,3,1856,agency
been funded,2,1853,fund
research infrastructure,2,1852,research
basic research foundation,3,1851,foundation
strategic research,2,1849,research
funding national,2,1836,fund
agency of,2,1828,agency
research development and,3,1825,research
japan science and,3,1819,science
industrial research,2,1818,research
the government of,3,1816,government
funding of,2,1815,fund
by the science,3,1814,science
13039 100000057national,2,1799,national
usda national,2,1799,national
10 13039 100000057national,3,1799,national
environment research council,3,1797,council
french national research,3,1795,research
13039 100000057national institute,3,1794,institute
100000057national institute,2,1794,institute
100000057national institute of,3,1793,institute
research reported,2,1793,research
education science,2,1789,science
supported by funds,3,1784,fund
diseases national institute,3,1779,institute
sciences http,2,1775,science
earmarked fund,2,1773,fund
council nhmrc,2,1772,council
environmental health sciences,3,1772,science
research council nhmrc,3,1769,council
by funds from,3,1766,fund
israel science,2,1762,science
wallenberg foundation,2,1761,foundation
foundation https doi,3,1758,foundation
council of norway,3,1755,council
research network,2,1747,research
foundation grant number,3,1746,foundation
international development,2,1744,national
for the national,3,1740,national
of the research,3,1737,research
natural environment research,3,1734,research
czech science,2,1730,science
university and research,3,1730,research
usda national institute,3,1729,institute
research excellence,2,1725,research
the austrian science,3,1723,science
research support,2,1722,research
co funded,2,1721,fund
special fund for,3,1720,fund
municipal science and,3,1719,science
funding funding,2,1718,fund
core funding,2,1716,fund
earmarked fund for,3,1715,fund
sciences http dx,3,1698,science
fund the,2,1697,fund
for basic research,3,1694,research
national university,2,1692,national
research system of,3,1685,research
the key research,3,1685,research
501100001809 national,2,1680,national
council and,2,1680,council
100000002 national,2,1676,national
research reported in,3,1676,research
the australian research,3,1671,research
by a research,3,1665,research
institut national,2,1664,national
of scientific research,3,1663,research
scientific research project,3,1661,research
has been funded,3,1661,fund
was partially funded,3,1659,fund
foundation of zhejiang,3,1658,foundation
and technology research,3,1657,research
13039 100000002 national,3,1655,national
research board,2,1653,research
center for research,3,1652,research
senior research,2,1650,research
fund grant,2,1650,fund
independent research,2,1647,research
research nihr,2,1646,research
forschungsgemeinschaft german research,3,1643,research
of research and,3,1642,research
czech science foundation,3,1638,foundation
a research grant,3,1635,research
research unit,2,1631,research
foundation no,2,1630,foundation
no funding,2,1625,fund
china national key,3,1618,national
of intramural research,3,1617,research
israel science foundation,3,1615,foundation
by a national,3,1612,national
nature science,2,1610,science
13039 501100001809 national,3,1609,national
alice wallenberg foundation,3,1608,foundation
research to,2,1599,research
research cihr,2,1595,research
the national health,3,1593,national
100000060national institute,2,1590,institute
centre national,2,1590,national
10 13039 100000060national,3,1590,national
13039 100000060national institute,3,1590,institute
health research cihr,3,1590,research
13039 100000060national,2,1590,national
research bmbf,2,1590,research
by national science,3,1588,science
100000060national institute of,3,1588,institute
joint research,2,1588,research
and industrial research,3,1587,research
science foundation 10,3,1583,foundation
funded by an,3,1582,fund
social fund,2,1578,fund
and research bmbf,3,1575,research
dfg german research,3,1574,research
research at,2,1574,research
the research council,3,1570,council
foundation for innovation,3,1564,foundation
technology research and,3,1562,research
major science,2,1556,science
foundation of the,3,1548,foundation
wellcome trust grant,3,1547,trust
funding the study,3,1542,fund
national research council,3,1536,council
for this research,3,1533,research
trust wellcome,2,1528,trust
co funded by,3,1527,fund
nature science foundation,3,1522,foundation
national council for,3,1521,council
funding we,2,1517,fund
and funding,2,1517,fund
shriver national,2,1513,national
research and the,3,1510,research
european social fund,3,1509,fund
foundation ireland,2,1509,foundation
national high,2,1507,national
moore foundation,2,1504,foundation
paulo research,2,1504,research
shriver national institute,3,1504,institute
supported by research,3,1500,research
kennedy shriver national,3,1499,national
memorial foundation,2,1494,foundation
national science foundation10,3,1487,foundation
major science and,3,1486,science
research group,2,1481,research
paulo research foundation,3,1478,foundation
research system cars,3,1478,research
fund for medical,3,1472,fund
the institute for,3,1470,institute
research from,2,1468,research
research 10,2,1468,research
council for scientific,3,1467,council
research 10 13039,3,1464,research
british heart foundation,3,1462,foundation
foundation flanders,2,1458,foundation
project funded,2,1457,fund
science research and,3,1456,research
grant funded,2,1453,fund
foundation under,2,1445,foundation
13039 501100000781european research,3,1442,research
501100000781european research council,3,1442,council
501100000781european research,2,1442,research
science of the,3,1441,science
funding by,2,1438,fund
of funding,2,1436,fund
translational research,2,1436,research
health science,2,1435,science
medical research foundation,3,1432,foundation
this research is,3,1430,research
disease research,2,1424,research
eye institute,2,1422,institute
health research nihr,3,1421,research
centre national de,3,1420,national
province science,2,1419,science
100004440wellcome trust,2,1419,trust
grant funded by,3,1416,fund
institute nhlbi,2,1415,institute
charitable trust,2,1415,trust
13039 100004440wellcome trust,3,1410,trust
blood institute nhlbi,3,1410,institute
research foundation flanders,3,1409,foundation
wellcome fund,2,1406,fund
education and science,3,1406,science
frontier science,2,1403,science
institute of texas,3,1400,institute
funding bodies,2,1399,fund
foundation nrf,2,1396,foundation
national nature,2,1395,national
research foundation nrf,3,1393,foundation
provincial science,2,1390,science
institute of technology,3,1390,institute
national research development,3,1385,research
also funded,2,1384,fund
the us national,3,1384,national
us national institutes,3,1382,institute
501100000265medical research,2,1380,research
13039 501100000265medical research,3,1380,research
501100000265medical research council,3,1379,council
research center for,3,1373,research
and the fundamental,3,1369,fund
foundation for science,3,1368,foundation
of education science,3,1365,science
the research and,3,1364,research
cancer institute national,3,1360,institute
nrf funded,2,1358,fund
medical sciences national,3,1357,science
nrf funded by,3,1356,fund
innovation fund for,3,1355,fund
foundation for basic,3,1354,foundation
the french national,3,1352,national
basic science research,3,1348,research
technology commission of,3,1344,commission
indian council,2,1344,council
betty moore foundation,3,1338,foundation
research council and,3,1338,council
research http,2,1337,research
the scientific research,3,1336,research
canada research chair,3,1334,research
science foundation ireland,3,1334,foundation
funding the work,3,1334,fund
agricultural research service,3,1333,research
10 13039 100000054national,3,1331,national
13039 100000054national,2,1331,national
13039 100000054national cancer,3,1329,national
100000054national cancer institute,3,1329,institute
100000054national cancer,2,1329,national
scientific research foundation,3,1328,foundation
project funded by,3,1327,fund
office of research,3,1324,research
and the research,3,1321,research
institute 10,2,1312,institute
institute 10 13039,3,1310,institute
council of scientific,3,1309,council
acknowledges funding from,3,1308,fund
science research program,3,1307,research
the foundation for,3,1306,foundation
provincial science and,3,1306,science
for medical sciences,3,1304,science
funding agency,2,1304,agency
national funds,2,1303,fund
indian council of,3,1300,council
program national,2,1300,national
science h2020,2,1297,science
social research,2,1297,research
russian foundation,2,1296,foundation
excellent science h2020,3,1296,science
priority excellent science,3,1295,science
institute the,2,1294,institute
commission of shanghai,3,1293,commission
the agence nationale,3,1293,national
são paulo research,3,1292,research
foundation grants,2,1287,foundation
foundation graduate,2,1285,foundation
501100001665agence nationale,2,1283,national
the national basic,3,1283,national
501100001665agence nationale de,3,1280,national
craniofacial research,2,1279,research
foundation of fujian,3,1278,foundation
fund erdf,2,1278,fund
been funded by,3,1276,fund
institute of dental,3,1275,institute
13039 501100001665agence nationale,3,1275,national
funds to,2,1273,fund
research nwo,2,1269,research
funded by nih,3,1267,fund
research chairs,2,1266,research
basal research,2,1266,research
13039 100010269wellcome trust,3,1262,trust
100010269wellcome trust,2,1262,trust
and the ministry,3,1257,ministry
province science and,3,1256,science
simons foundation,2,1252,foundation
energy sciences,2,1250,science
marine science,2,1250,science
acknowledge funding from,3,1248,fund
scientific research nwo,3,1246,research
research grants from,3,1245,research
genome institute,2,1244,institute
development fund erdf,3,1243,fund
of science technology,3,1242,science
and craniofacial research,3,1242,research
national library,2,1241,national
innovative research team,3,1239,research
charitable foundation,2,1239,foundation
grants council,2,1238,council
article this research,3,1236,research
science foundation graduate,3,1235,foundation
national nature science,3,1232,science
and social research,3,1232,research
russian foundation for,3,1231,foundation
korean government,2,1227,government
research national institute,3,1226,institute
science foundation project,3,1224,foundation
of this research,3,1223,research
basal research fund,3,1222,fund
trust http,2,1221,trust
research fund for,3,1220,fund
the earmarked fund,3,1219,fund
basic energy sciences,3,1217,science
institution basal research,3,1216,research
and research institute,3,1213,institute
funding the research,3,1210,fund
foundation of hunan,3,1209,foundation
fund from,2,1207,fund
and the science,3,1203,science
funding statement,2,1202,fund
foundation graduate research,3,1200,foundation
foundation10 13039 100000001,3,1198,foundation
for international development,3,1197,national
burroughs wellcome fund,3,1195,fund
postdoctoral research,2,1193,research
national library of,3,1191,national
medical sciences http,3,1190,science
funding for the,3,1189,fund
national eye,2,1188,national
fund to,2,1184,fund
grant agency,2,1183,agency
additional funding,2,1182,fund
research resources,2,1176,research
frontier science program,3,1174,science
sciences10 13039,2,1174,science
medical sciences of,3,1172,science
science user,2,1172,science
most national,2,1171,national
research http dx,3,1169,research
of science user,3,1167,science
international cooperation,2,1163,national
the russian science,3,1162,science
trust http dx,3,1159,trust
are funded,2,1157,fund
province national,2,1156,national
diabetes research,2,1154,research
canada foundation,2,1152,foundation
research was financially,3,1151,research
foundation trust,2,1151,foundation
research10 13039,2,1147,research
501100001809 natural science,3,1145,science
prevention and research,3,1144,research
funds of the,3,1143,fund
research programme,2,1142,research
scientific research on,3,1139,research
council the,2,1139,council
research grants council,3,1136,council
institute of arthritis,3,1134,institute
research fellow,2,1132,research
science user facility,3,1131,science
research and technology,3,1130,research
with funding,2,1128,fund
cooperative research,2,1125,research
science for,2,1122,science
nih national heart,3,1121,national
for science technology,3,1120,science
research was also,3,1120,research
sciences the,2,1117,science
partly funded,2,1114,fund
senior research fellowship,3,1113,research
council erc under,3,1112,council
institute of science,3,1107,institute
at the national,3,1104,national
science office,2,1102,science
education science and,3,1102,science
from funding,2,1101,fund
science foundation no,3,1098,foundation
social research council,3,1096,council
13039 501100012166national,2,1095,national
national eye institute,3,1095,institute
10 13039 501100012166national,3,1095,national
science office of,3,1094,science
of science office,3,1092,science
foundation nsf https,3,1092,foundation
nhs foundation,2,1092,foundation
foundation fapesp,2,1088,foundation
science foundation for,3,1087,foundation
canada foundation for,3,1086,foundation
social sciences,2,1086,science
council national,2,1086,council
research scholarship,2,1084,research
research university,2,1082,research
research innovation,2,1081,research
the korean government,3,1078,government
research was conducted,3,1078,research
government and,2,1076,government
from the research,3,1075,research
the national heart,3,1074,national
funding the author,3,1071,fund
takeda science,2,1071,science
and national natural,3,1070,national
the fund,2,1069,fund
cancer research fund,3,1069,fund
leverhulme trust,2,1067,trust
also funded by,3,1066,fund
in science and,3,1064,science
wellcome trust wellcome,3,1064,trust
technology foundation,2,1063,foundation
of medical research,3,1062,research
for research resources,3,1062,research
the research foundation,3,1061,foundation
institut national de,3,1059,national
are funded by,3,1059,fund
council uk,2,1059,council
translational science,2,1057,science
13039 501100012166national key,3,1057,national
501100012166national key,2,1057,national
research foundation fapesp,3,1056,foundation
uk research,2,1056,research
biotechnology ministry,2,1055,ministry
biotechnology ministry of,3,1055,ministry
nhs foundation trust,3,1055,foundation
cams innovation fund,3,1054,fund
institute on drug,3,1054,institute
the funding bodies,3,1054,fund
partly funded by,3,1050,fund
the japan agency,3,1048,agency
human frontier science,3,1048,science
science http,2,1046,science
science and ict,3,1046,science
which is funded,3,1038,fund
sciences 10,2,1037,science
research from the,3,1037,research
research council uk,3,1037,council
sciences 10 13039,3,1036,science
ministry of research,3,1034,ministry
research foundation grant,3,1033,foundation
up funds,2,1029,fund
start up funds,3,1026,fund
of life sciences,3,1024,science
of biotechnology ministry,3,1022,ministry
in research,2,1016,research
health research and,3,1016,research
breast cancer research,3,1013,research
science japan,2,1013,science
research did not,3,1011,research
research did,2,1011,research
funding agencies in,3,1010,fund
korea nrf funded,3,1010,fund
from funding agencies,3,1009,fund
institute of the,3,1009,institute
intramural research national,3,1009,research
takeda science foundation,3,1006,foundation
research has,2,1005,research
fund10 13039,2,1000,fund
funds through,2,1000,fund
council arc,2,998,council
science centre poland,3,998,science
science h2020 european,3,997,science
research council arc,3,996,council
research program through,3,994,research
institute grant,2,994,institute
science http dx,3,994,science
trust 10,2,993,trust
was also funded,3,992,fund
by research grants,3,990,research
trust 10 13039,3,990,trust
engineering research board,3,989,research
fund for the,3,986,fund
institute national institutes,3,986,institute
key basic research,3,985,research
health foundation,2,983,foundation
joint genome institute,3,983,institute
foundation award,2,982,foundation
beijing natural science,3,978,science
nihr biomedical research,3,978,research
development agency,2,977,agency
sources of funding,3,976,fund
grant from funding,3,974,fund
of science japan,3,973,science
the federal ministry,3,971,ministry
shenzhen science,2,970,science
501100001809 national natural,3,966,national
grants from national,3,965,national
research of the,3,964,research
research council national,3,964,council
of science http,3,964,science
by national institute,3,963,institute
charge national,2,962,national
access charge national,3,959,national
fund and the,3,959,fund
medical foundation,2,957,foundation
sciences for,2,956,science
funding by the,3,956,fund
research work,2,955,research
and funded,2,954,fund
this research did,3,952,research
agency of the,3,947,agency
foundation research,2,946,foundation
the usda national,3,945,national
welch foundation,2,943,foundation
supervision funding,2,942,fund
institutes for,2,941,institute
australian national,2,938,national
scientific research fund,3,938,fund
medical science and,3,936,science
municipal education commission,3,936,commission
shenzhen science and,3,935,science
foundation for research,3,934,foundation
supervision funding acquisition,3,933,fund
research is supported,3,932,research
international research,2,932,research
research on innovative,3,931,research
joint fund,2,931,fund
by fundação,2,931,fund
of national natural,3,929,national
diseases national institutes,3,929,institute
research council the,3,928,council
foundation of shanghai,3,926,foundation
with funding from,3,925,fund
funding funding for,3,924,fund
marine science and,3,924,science
council under,2,923,council
fund for scientific,3,923,fund
sciences national institute,3,921,institute
national medical,2,920,national
china science,2,917,science
sciences university,2,917,science
and innovation fund,3,916,fund
high technology research,3,916,research
research chair in,3,914,research
institute on deafness,3,913,institute
crick institute,2,909,institute
institute for cancer,3,909,institute
fox foundation,2,908,foundation
h2020 excellent science,3,907,science
canadian institute,2,906,institute
grant agency of,3,906,agency
the australian government,3,906,government
research was partially,3,905,research
was funded through,3,905,fund
health nih national,3,901,national
us national science,3,900,science
research alliance,2,900,research
s government,2,900,government
research institute for,3,899,institute
501100001711schweizerischer nationalfonds,2,897,national
501100001711schweizerischer nationalfonds zur,3,895,national
funding was received,3,895,fund
foundation national science,3,894,foundation
the science technology,3,894,science
science foundation grants,3,894,foundation
council h2020,2,893,council
uk research and,3,893,research
european research council10,3,892,council
the nih national,3,892,national
any funding,2,889,fund
this research has,3,889,research
research council under,3,888,council
research institutes,2,888,institute
agriculture national,2,887,national
research council h2020,3,887,council
government s,2,886,government
13039 501100001711schweizerischer nationalfonds,3,886,national
the czech science,3,885,science
national high technology,3,885,national
karolinska institutet,2,884,institute
postgraduate research,2,882,research
project of science,3,881,science
and national institutes,3,880,institute
and scientific research,3,879,research
humboldt foundation,2,878,foundation
scientific research in,3,876,research
research programs,2,876,research
foundation national institutes,3,876,foundation
food research,2,874,research
funding received,2,873,fund
national medical research,3,873,research
of ministry,2,872,ministry
fund project of,3,871,fund
by national key,3,870,national
province natural science,3,870,science
research fellowship from,3,868,research
scientific research and,3,868,research
of ministry of,3,867,ministry
sanger institute,2,867,institute
the research project,3,867,research
sciences grant no,3,866,science
administration funding,2,865,fund
shanghai science,2,865,science
funding no,2,864,fund
research training program,3,863,research
development institute,2,862,institute
the fundação,2,862,fund
a national science,3,861,science
science ict,2,860,science
institute and the,3,860,institute
of science ict,3,859,science
council wellcome,2,859,council
project administration funding,3,858,fund
technology research system,3,857,research
501100003725national research,2,854,research
501100003725national research foundation,3,854,foundation
french ministry,2,853,ministry
slovenian research,2,853,research
startup funds,2,852,fund
13039 501100003725national research,3,852,research
10 13039 501100003725national,3,852,national
13039 501100003725national,2,852,national
national centre,2,852,national
administration funding acquisition,3,851,fund
fibrosis foundation,2,850,foundation
by science,2,850,science
fund 10,2,849,fund
the special fund,3,848,fund
fund 10 13039,3,847,fund
federal funds,2,846,fund
education research,2,846,research
trust10 13039,2,845,trust
sciences university of,3,843,science
research council for,3,843,council
research council wellcome,3,843,council
technology development fund,3,843,fund
spanish government,2,842,government
undergraduate research,2,839,research
fund http,2,838,fund
research program for,3,837,research
science foundation under,3,836,foundation
sciences foundation,2,835,foundation
research leading,2,835,research
science grant,2,834,science
s foundation,2,834,foundation
scientific research from,3,834,research
korea institute,2,833,institute
research leading to,3,832,research
research a,2,831,research
sloan foundation,2,830,foundation
basic research project,3,830,research
wellcome trust and,3,830,trust
and funded by,3,829,fund
research has been,3,829,research
humanities research,2,827,research
foundation for medical,3,826,foundation
argonne national,2,825,national
core funding from,3,825,fund
and natural science,3,821,science
institute10 13039,2,820,institute
canada research chairs,3,819,research
funding body,2,819,fund
national program,2,819,national
shanghai science and,3,819,science
fund for china,3,819,fund
trust and the,3,818,trust
of science of,3,818,science
national infrastructure,2,818,national
science jsps https,3,817,science
foundation through,2,816,foundation
funding statement this,3,816,fund
german ministry,2,815,ministry
industry technology research,3,814,research
the research leading,3,811,research
science innovation,2,808,science
council of medical,3,808,council
program of national,3,804,national
humanities research council,3,804,council
foundation for cancer,3,803,foundation
funded by grant,3,803,fund
sciences research council10,3,802,council
research scholar,2,802,research
the national high,3,800,national
j fox foundation,3,800,foundation
kidney diseases national,3,799,national
the council,2,799,council
and humanities research,3,798,research
nrf grant funded,3,798,fund
for research on,3,795,research
korea institute of,3,795,institute
of the institute,3,794,institute
ministry of university,3,793,ministry
francis crick institute,3,792,institute
for funding this,3,792,fund
sciences at,2,791,science
research foundation for,3,790,foundation
501100000038natural sciences,2,790,science
of china science,3,790,science
13039 501100000038natural sciences,3,790,science
argonne national laboratory,3,789,national
province national natural,3,789,national
polish national,2,788,national
501100000038natural sciences and,3,788,science
municipal health commission,3,787,commission
s national institute,3,787,institute
of sciences grant,3,786,science
and technology foundation,3,784,foundation
funding support from,3,781,fund
canada natural sciences,3,779,science
federal funds from,3,779,fund
norwegian research,2,779,research
trust the,2,779,trust
national agency,2,778,agency
agency for international,3,778,agency
sichuan science,2,778,science
research computing,2,777,research
health science and,3,777,science
research foundation and,3,777,foundation
university national,2,776,national
agency anr,2,776,agency
additional external funding,3,775,fund
french ministry of,3,775,ministry
french government,2,775,government
research plan,2,774,research
the basic science,3,773,science
501100000024canadian institutes,2,771,institute
13039 501100000024canadian institutes,3,771,institute
youth science,2,770,science
research and education,3,769,research
von humboldt foundation,3,769,foundation
guangzhou science,2,769,science
institute at,2,769,institute
research center of,3,768,research
institute nci u,3,768,institute
and national institute,3,768,institute
sichuan science and,3,767,science
the agricultural science,3,766,science
council wellcome trust,3,766,trust
aids research,2,765,research
thailand research,2,765,research
by the federal,3,765,federal
and science of,3,765,science
501100000024canadian institutes of,3,764,institute
funded through the,3,762,fund
science fund for,3,760,fund
natural science fund,3,759,fund
research facility,2,756,research
social science,2,755,science
academy of science,3,754,science
by ministry,2,754,ministry
china the national,3,754,national
council and the,3,753,council
research fellowship program,3,753,research
research agency anr,3,751,agency
broad institute,2,750,institute
u s government,3,750,government
council of australia,3,750,council
by ministry of,3,750,ministry
sciences and humanities,3,750,science
grants commission,2,749,commission
research b,2,749,research
advanced research projects,3,747,research
science technology innovation,3,747,science
and translational science,3,747,science
government msit,2,746,government
china science and,3,746,science
fund http dx,3,746,fund
national science center,3,746,science
state research,2,745,research
the national human,3,744,national
chinese national,2,744,national
chinese ministry,2,743,ministry
institute national institute,3,742,institute
cancer institute http,3,741,institute
chinese ministry of,3,740,ministry
for strategic research,3,740,research
science european,2,739,science
scottish government,2,739,government
science council,2,737,council
from national natural,3,737,national
council under the,3,736,council
korea government,2,736,government
council csc,2,736,council
foundation flanders fwo,3,736,foundation
of agriculture national,3,735,national
s national science,3,735,science
agency jst,2,735,agency
institute of biomedical,3,734,institute
for research in,3,733,research
development foundation,2,732,foundation
agency for science,3,731,agency
technology council,2,731,council
and ministry,2,730,ministry
p sloan foundation,3,730,foundation
slovenian research agency,3,730,agency
from any funding,3,729,fund
technology agency jst,3,729,agency
foundation of hubei,3,729,foundation
special research,2,728,research
and technology council,3,727,council
research was provided,3,727,research
project national,2,725,national
cystic fibrosis foundation,3,725,foundation
funding program,2,724,fund
national laboratory for,3,723,national
part by national,3,723,national
international center,2,722,national
endowment fund,2,722,fund
agriculture national institute,3,722,institute
scholarship council csc,3,722,council
science innovation and,3,721,science
any funding agency,3,719,agency
the national nature,3,719,national
research foundation the,3,718,foundation
and national science,3,717,science
swedish foundation,2,717,foundation
of sciences and,3,716,science
institute on alcohol,3,716,institute
science fund of,3,716,fund
research uk cruk,3,715,research
science and education,3,715,science
501100012166 national,2,714,national
100000001 national,2,714,national
science institute,2,711,institute
the funding body,3,710,fund
science foundation the,3,710,foundation
was partly funded,3,710,fund
13039 501100012166 national,3,710,national
singapore ministry of,3,709,ministry
council of thailand,3,709,council
technology and research,3,709,research
singapore ministry,2,709,ministry
100000002 national institutes,3,708,institute
100000002 hhs national,3,708,national
research promotion,2,707,research
research projects of,3,706,research
thailand research fund,3,706,fund
science european research,3,705,research
funds and,2,705,fund
feder funds,2,705,fund
research c,2,704,research
national aeronautics,2,704,national
shanghai municipal science,3,703,science
higher education commission,3,703,commission
national aeronautics and,3,702,national
of science innovation,3,701,science
the national council,3,701,council
core research,2,700,research
science japan society,3,700,science
by wellcome trust,3,699,trust
swedish foundation for,3,699,foundation
the israel science,3,699,science
excellent science european,3,697,science
council european,2,697,council
council h2020 excellent,3,697,council
research groups,2,697,research
council biotechnology,2,697,council
norwegian research council,3,697,council
lundbeck foundation,2,696,foundation
funding national institutes,3,695,institute
research fellowships,2,695,research
foundationhttps doi,2,694,foundation
foundationhttps doi org,3,694,foundation
danish national,2,694,national
and science and,3,693,science
council biotechnology and,3,692,council
danish council,2,691,council
research fellowship to,3,691,research
research council biotechnology,3,690,council
science the,2,689,science
australian national health,3,689,national
100009619japan agency,2,688,agency
10 13039 501100000925national,3,688,national
13039 501100000925national health,3,688,national
13039 501100000925national,2,688,national
research laboratory,2,688,research
501100000925national health,2,688,national
13039 100009619japan agency,3,687,agency
trust wellcome trust,3,687,trust
100009619japan agency for,3,687,agency
science10 13039,2,686,science
by the institute,3,686,institute
501100000925national health and,3,685,national
institute hhmi,2,683,institute
the canada research,3,683,research
medical institute hhmi,3,683,institute
agriculture science,2,683,science
institute for advanced,3,682,institute
foundation of heilongjiang,3,680,foundation
care research,2,679,research
open fund,2,678,fund
research foundation 10,3,678,foundation
national key basic,3,677,national
ministry of environment,3,676,ministry
templeton foundation,2,675,foundation
501100000289cancer research,2,675,research
research grant no,3,675,research
13039 501100000289cancer research,3,675,research
501100000289cancer research uk,3,674,research
and ministry of,3,674,ministry
special funds,2,674,fund
100000050national heart,2,674,national
program funded,2,674,fund
13039 100000050national,2,674,national
100000050national heart lung,3,674,national
13039 100000050national heart,3,674,national
10 13039 100000050national,3,674,national
501100012166national key research,3,673,research
wellcome trust10 13039,3,672,trust
wellcome trust10,2,672,trust
planck institute,2,670,institute
danish council for,3,670,council
funding research,2,667,fund
and food research,3,667,research
university grants commission,3,667,commission
national park,2,667,national
council grant number,3,666,council
ontario ministry,2,666,ministry
max planck institute,3,666,institute
science foundation to,3,663,foundation
the foundation of,3,662,foundation
the korea government,3,662,government
research team in,3,660,research
scientific research b,3,660,research
jointly funded,2,660,fund
research council european,3,659,council
fund denmark,2,659,fund
guangzhou science and,3,658,science
funded the,2,657,fund
foundation of guangxi,3,657,foundation
institutes for health,3,657,institute
foundation s,2,656,foundation
the funding agencies,3,653,fund
natural sciences foundation,3,652,foundation
research funds of,3,652,fund
social sciences and,3,651,science
hospital research,2,649,research
institutes of healthhttps,3,649,institute
technology fund,2,647,fund
projects agency,2,647,agency
research funding from,3,646,fund
government research,2,646,research
funding of the,3,645,fund
funding to report,3,644,fund
israel binational,2,643,national
blood institute national,3,642,institute
society research,2,641,research
research projects agency,3,641,agency
technological research,2,641,research
medical research council10,3,640,council
research office,2,640,research
sciences foundation of,3,637,foundation
501100012166 national natural,3,637,national
national centre for,3,637,national
innovation funding,2,636,fund
national science council,3,635,council
institute strategic,2,635,institute
research csir,2,635,research
national laboratory under,3,635,national
council discovery,2,635,council
or funding,2,634,fund
scientific research c,3,634,research
health national health,3,633,national
from the institute,3,633,institute
an australian research,3,633,research
technology ministry,2,633,ministry
research council discovery,3,633,council
conceptualization funding,2,632,fund
of agricultural research,3,632,research
ministry of economic,3,631,ministry
research development program,3,631,research
by cancer research,3,630,research
genomics institute,2,630,institute
foundation for strategic,3,630,foundation
research under,2,629,research
polish national science,3,629,science
planning commission,2,628,commission
doctoral research,2,627,research
biomedical sciences,2,627,science
innovation research,2,627,research
jointly funded by,3,627,fund
ontario ministry of,3,627,ministry
conceptualization funding acquisition,3,626,fund
commission grant,2,626,commission
foundation national institute,3,625,foundation
oxford biomedical research,3,625,research
government the,2,625,government
funding received for,3,624,fund
industrial research csir,3,624,research
national agency for,3,624,agency
student research,2,622,research
sciences no,2,622,science
industry development institute,3,621,institute
with federal,2,621,federal
research and or,3,621,research
trust senior,2,621,trust
polish ministry,2,620,ministry
up fund,2,619,fund
naval research,2,619,research
national funds through,3,618,fund
start up fund,3,618,fund
the japan science,3,618,science
council university,2,618,council
research program on,3,618,research
the council of,3,618,council
most national key,3,618,national
army research,2,617,research
of research infrastructure,3,616,research
for funding the,3,616,fund
faculty of science,3,616,science
by the fundamental,3,616,fund
china fundamental,2,616,fund
science foundation and,3,615,foundation
program funded by,3,615,fund
by the international,3,614,national
with federal funds,3,613,fund
china fundamental research,3,613,fund
biotechnology government,2,612,government
publication fund,2,612,fund
california institute,2,612,institute
common fund,2,612,fund
science jsps kakenhi,3,612,science
funding not,2,612,fund
biotechnology government of,3,611,government
501100001807fundação de amparo,3,611,fund
501100001807fundação de,2,611,fund
s national institutes,3,611,institute
national geographic,2,611,national
13039 501100001807fundação,2,610,fund
polish ministry of,3,610,ministry
13039 501100001807fundação de,3,610,fund
10 13039 501100001807fundação,3,610,fund
council of agricultural,3,609,council
youth fund,2,608,fund
of biotechnology government,3,607,government
and technological research,3,606,research
funded in whole,3,605,fund
national du,2,605,national
science 10,2,605,science
science 10 13039,3,604,science
central government,2,604,government
foundation the funders,3,604,foundation
fund no,2,603,fund
canada canadian institutes,3,601,institute
funding not applicable,3,601,fund
data science,2,600,science
funding scheme,2,600,fund
sciences and the,3,600,science
provincial key research,3,600,research
science kakenhi,2,599,science
foundation under grant,3,598,foundation
technology ministry of,3,598,ministry
for innovative research,3,598,research
of science kakenhi,3,597,science
innovation commission,2,597,commission
scientific foundation,2,596,foundation
nih hhs national,3,596,national
of natural science,3,595,science
100000054 national,2,595,national
of china fundamental,3,594,fund
research national institutes,3,593,institute
medical sciences grant,3,593,science
13039 100000054 national,3,593,national
external funding received,3,591,fund
and technology ministry,3,589,ministry
medical research institute,3,589,institute
science and technology10,3,589,science
general research,2,589,research
foundation a,2,588,foundation
center national,2,588,national
technology innovation fund,3,588,fund
wellcome trust senior,3,588,trust
ministry for education,3,586,ministry
funding the present,3,586,fund
foundation university,2,585,foundation
agro scientific research,3,585,research
13039 100000001 national,3,585,national
of science10,2,584,science
protection agency,2,584,agency
international science,2,584,science
of science10 13039,3,584,science
council10 13039 501100000268,3,584,council
foundation of hebei,3,582,foundation
10 13039 100000065national,3,582,national
13039 100000065national institute,3,582,institute
100000065national institute of,3,582,institute
key research program,3,582,research
100000065national institute,2,582,institute
13039 100000065national,2,582,national
funded project,2,581,fund
by the foundation,3,580,foundation
the french ministry,3,579,ministry
family planning commission,3,579,commission
national key technology,3,578,national
fund national,2,578,fund
foundationhttp dx,2,577,foundation
foundationhttp dx doi,3,577,foundation
thank the national,3,576,national
at the institute,3,576,institute
of biological sciences,3,576,science
institute nci https,3,575,institute
of international,2,574,national
institute nhgri,2,574,institute
cardiovascular research,2,573,research
innovation foundation,2,573,foundation
s funding,2,571,fund
portuguese foundation,2,571,foundation
technology government,2,570,government
support or funding,3,569,fund
the russian foundation,3,569,foundation
research institute nhgri,3,569,institute
nationale pour,2,568,national
science ict and,3,568,science
health commission of,3,567,commission
technology government of,3,567,government
foundation of jiangxi,3,567,foundation
council to,2,567,council
of naval research,3,566,research
national du cancer,3,566,national
science foundation award,3,566,foundation
and technology fund,3,565,fund
agency in,2,565,agency
institute to,2,564,institute
health national cancer,3,564,national
council mr,2,562,council
runyon cancer research,3,562,research
funding bodies had,3,562,fund
portuguese foundation for,3,562,foundation
council nserc,2,562,council
research council mr,3,562,council
or funding to,3,561,fund
of funding this,3,560,fund
100004440wellcome trust http,3,560,trust
this research work,3,560,research
academic research,2,559,research
danish national research,3,559,research
council vr,2,558,council
fogarty international,2,558,national
cancer research program,3,558,research
federal ministry for,3,558,ministry
national foundation,2,558,foundation
national university of,3,558,national
council epsrc,2,556,council
research used,2,556,research
this research project,3,556,research
research council epsrc,3,555,council
fund from the,3,555,fund
medicine research,2,555,research
funding project,2,554,fund
fct fundação,2,554,fund
cooperation in science,3,553,science
national research fund,3,553,fund
national research service,3,553,research
council for independent,3,553,council
australian government research,3,552,research
for independent research,3,551,research
and sciences,2,551,science
innovation fund of,3,551,fund
publication fund of,3,551,fund
government research training,3,550,research
research project grant,3,550,research
funding acquisition writing,3,550,fund
brain research,2,549,research
foundation deutsche,2,549,foundation
received research,2,549,research
fct fundação para,3,549,fund
institute national cancer,3,549,institute
research council vr,3,549,council
funding the project,3,548,fund
foundation fellowship,2,547,foundation
the centre national,3,547,national
cancer institute of,3,547,institute
council nerc,2,547,council
foundation isf,2,547,foundation
development research,2,547,research
children s research,3,546,research
ideas european research,3,546,research
research council nerc,3,546,council
foundation university of,3,546,foundation
foundation of chongqing,3,545,foundation
fund for agro,3,545,fund
environmental protection agency,3,544,agency
this research used,3,544,research
foundation european,2,544,foundation
funds provided,2,543,fund
research infrastructure programs,3,543,research
fox foundation for,3,543,foundation
diseases research,2,542,research
that the research,3,542,research
sciences under,2,542,science
additional funding was,3,542,fund
german ministry of,3,541,ministry
the french government,3,541,government
of the funding,3,541,fund
501100002428austrian science,2,540,science
research council nserc,3,540,council
and care research,3,540,research
cooperative research program,3,540,research
agency in the,3,539,agency
a national institutes,3,539,institute
canadian institutes for,3,538,institute
open research,2,538,research
uehara memorial foundation,3,538,foundation
501100002428austrian science fund,3,538,fund
13039 100000049national,2,537,national
13039 501100002428austrian science,3,537,science
10 13039 100000049national,3,537,national
fund for distinguished,3,537,fund
science foundation isf,3,537,foundation
research grant of,3,536,research
for aids research,3,536,research
13039 100000049national institute,3,536,institute
100000049national institute,2,536,institute
promotion of science10,3,535,science
100000049national institute on,3,534,institute
municipal natural science,3,534,science
13039 100000062national,2,533,national
10 13039 100000062national,3,533,national
reduction agency,2,533,agency
regional government,2,533,government
threat reduction agency,3,533,agency
funded by mcin,3,532,fund
government of canada,3,532,government
council medical,2,532,council
13039 100000062national institute,3,531,institute
government of the,3,531,government
100000062national institute of,3,531,institute
centre for research,3,531,research
foundation of henan,3,531,foundation
100000062national institute,2,531,institute
funding authority,2,531,fund
states agency for,3,530,agency
foundation for parkinson,3,530,foundation
states agency,2,530,agency
science foundation https,3,529,foundation
applied research,2,529,research
dutch ministry,2,529,ministry
provincial health commission,3,529,commission
council medical research,3,528,council
nationale pour la,3,528,national
science10 13039 501100001691,3,527,science
research grant to,3,527,research
research council medical,3,527,council
defense advanced research,3,525,research
and life sciences,3,525,science
funding through,2,525,fund
science by,2,524,science
editing funding,2,524,fund
education research and,3,524,research
caixa foundation,2,524,foundation
infection research,2,523,research
the research fund,3,523,fund
fund of china,3,523,fund
cancer research and,3,523,research
from research,2,522,research
the cancer research,3,522,research
and the foundation,3,522,foundation
technology research project,3,522,research
research service award,3,521,research
funding to the,3,521,fund
nih national center,3,521,national
science for life,3,520,science
institut national du,3,520,national
councilhttp dx,2,520,council
receives funding,2,520,fund
most national natural,3,520,national
innovation funding authority,3,520,fund
project of national,3,520,national
councilhttp dx doi,3,520,council
national major,2,519,national
the research program,3,519,research
john templeton foundation,3,519,foundation
nsf graduate research,3,518,research
dutch ministry of,3,518,ministry
research we,2,518,research
agence nationale pour,3,518,national
clinical research center,3,518,research
our research,2,518,research
institute of biological,3,517,institute
foundation of beijing,3,517,foundation
the agency,2,517,agency
council https,2,516,council
the spanish government,3,516,government
research councilhttp,2,515,council
and technology government,3,514,government
technology innovation funding,3,514,fund
health national science,3,513,science
by national funds,3,513,fund
research council formas,3,512,council
council formas,2,512,council
funding agency in,3,512,agency
sciences to,2,512,science
provided funding,2,512,fund
states national,2,512,national
berkeley national,2,511,national
forschung swiss national,3,511,national
national natural sciences,3,511,science
for biological sciences,3,511,science
research school,2,511,research
research trust,2,511,trust
the ministry for,3,510,ministry
editing funding acquisition,3,510,fund
supported by fundação,3,510,fund
funding authority stdf,3,510,fund
we acknowledge funding,3,510,fund
the fundação de,3,510,fund
natural science research,3,509,research
fogarty international center,3,509,national
the funding sources,3,509,fund
binational science,2,509,science
health institute,2,509,institute
of science research,3,509,research
the broad institute,3,508,institute
food research initiative,3,508,research
part with federal,3,508,federal
research committee,2,508,research
apc was funded,3,508,fund
the german ministry,3,508,ministry
by the government,3,507,government
research at the,3,507,research
national taiwan,2,507,national
study the funders,3,506,fund
singapore national,2,506,national
united states national,3,506,national
dutch research,2,506,research
research councilhttp dx,3,506,council
state government,2,505,government
cancer council,2,505,council
network for research,3,505,research
municipal commission,2,504,commission
foundation trust and,3,504,foundation
medical research fund,3,503,fund
by natural science,3,503,science
for advanced research,3,503,research
life science research,3,502,research
research foundation project,3,502,foundation
funding no funding,3,500,fund
swiss federal,2,500,federal
startup fund,2,500,fund
research foundation10,2,499,foundation
research start,2,499,research
research foundation10 13039,3,499,foundation
of science by,3,498,science
through funding,2,498,fund
agricultural research system,3,497,research
ligue nationale,2,497,national
trust for,2,497,trust
the simons foundation,3,497,foundation
funding funding was,3,497,fund
canadian institute for,3,495,institute
research team of,3,495,research
korea national,2,495,national
and funds,2,495,fund
kong research,2,494,research
fundação carlos,2,494,fund
fundação carlos chagas,3,494,fund
foundation us,2,493,foundation
nsfc national,2,493,national
prostate cancer foundation,3,493,foundation
hong kong research,3,493,research
research through,2,492,research
exploratory research,2,492,research
no funding was,3,492,fund
foundation of anhui,3,491,foundation
cell research,2,491,research
nationale contre,2,490,national
from cancer research,3,490,research
guangdong natural science,3,490,science
research grant number,3,490,research
nationale contre le,3,489,national
100010663h2020 european research,3,489,research
manuscript this research,3,489,research
cooperation agency,2,488,agency
uk government,2,488,government
lawrence berkeley national,3,488,national
council grant no,3,488,council
sciences nigms https,3,488,science
ligue nationale contre,3,488,national
research this,2,487,research
commission for,2,487,commission
research institute national,3,487,institute
berkeley national laboratory,3,486,national
development funds,2,486,fund
government and the,3,485,government
research core,2,485,research
foundation deutsche forschungsgemeinschaft,3,485,foundation
cambridge biomedical research,3,485,research
health research institute,3,485,institute
council of the,3,484,council
and fundação,2,484,fund
and innovative research,3,484,research
research to prevent,3,484,research
alzheimer s research,3,484,research
breast cancer foundation,3,484,foundation
genomics research,2,483,research
foundation in,2,483,foundation
research nidcr,2,483,research
national geographic society,3,482,national
funding to pay,3,482,fund
sciences national institutes,3,482,institute
of science 10,3,482,science
agriculture agricultural research,3,482,research
binational science foundation,3,481,foundation
faculty research,2,481,research
chinese scholarship council,3,480,council
research council https,3,480,council
science and the,3,478,science
dutch research council,3,478,council
research foundation to,3,478,foundation
501100002858china postdoctoral science,3,478,science
501100000923australian research,2,477,research
501100000923australian research council,3,477,council
craniofacial research nidcr,3,477,research
13039 501100000923australian research,3,477,research
la caixa foundation,3,475,foundation
foundation bill,2,475,foundation
trust wt,2,475,trust
foundation ireland sfi,3,475,foundation
fund for modern,3,474,fund
research start up,3,474,research
foundation singapore,2,474,foundation
municipal commission of,3,473,commission
researchers supporting,2,473,research
excellence fund,2,473,fund
research institute and,3,473,institute
national science fund,3,473,fund
the scottish government,3,472,government
states israel binational,3,472,national
research technological,2,472,research
local science,2,471,science
aging national,2,471,national
recherche french national,3,471,national
nci national,2,470,national
the funds,2,470,fund
the norwegian research,3,470,research
and wellcome trust,3,470,trust
the fund for,3,470,fund
local science and,3,470,science
and translational research,3,469,research
arts and sciences,3,469,science
brazilian national,2,469,national
research technological development,3,467,research
funded under,2,467,fund
and the international,3,466,national
diabetes research foundation,3,466,foundation
research council to,3,466,council
technology national,2,466,national
sciences cifms,2,466,science
county council,2,466,council
fonds national,2,465,national
and health science,3,465,science
medical sciences cifms,3,465,science
ministry of food,3,465,ministry
and funding from,3,465,fund
researchers supporting project,3,465,research
computational science,2,464,science
and the institute,3,463,institute
government through,2,463,government
united states agency,3,462,agency
of sciences for,3,462,science
health research http,3,462,research
sciences nigms u,3,462,science
foundation snsf,2,462,foundation
research work was,3,462,research
research education,2,462,research
agency grant,2,461,agency
wellcome trust wt,3,461,trust
council advanced,2,460,council
by fundação de,3,460,fund
science foundation snsf,3,460,foundation
from ministry,2,460,ministry
research council advanced,3,459,council
medical sciences10 13039,3,459,science
funded through a,3,459,fund
with funds,2,459,fund
medical sciences10,2,459,science
research foundation singapore,3,458,foundation
juselius foundation,2,458,foundation
funds through the,3,458,fund
science basic,2,457,science
from ministry of,3,457,ministry
access publication fund,3,456,fund
council of canada10,3,456,council
information this research,3,456,research
from the science,3,455,science
of cancer research,3,455,research
council10 13039 100010663,3,455,council
major research,2,454,research
canadian foundation,2,454,foundation
irish research,2,454,research
swedish national,2,454,national
the research grants,3,454,research
and life science,3,454,science
planck institute for,3,453,institute
501100001809 national key,3,453,national
review editing funding,3,453,fund
research project no,3,452,research
agency for research,3,452,agency
been funded in,3,452,fund
a canada research,3,452,research
work is funded,3,452,fund
foundation china,2,452,foundation
the danish council,3,452,council
foundation of sichuan,3,452,foundation
the australian national,3,451,national
usda agricultural research,3,451,research
100000009foundation for the,3,451,foundation
higher education research,3,451,research
100000009foundation for,2,451,foundation
study received funding,3,451,fund
from fundação,2,451,fund
the canadian institute,3,450,institute
research program grant,3,450,research
funding acquisition investigation,3,450,fund
behavior research,2,449,research
scientific research projects,3,449,research
13039 100000009foundation,2,449,foundation
institutional research,2,449,research
13039 100000009foundation for,3,449,foundation
fund grant number,3,449,fund
the slovenian research,3,449,research
10 13039 100000009foundation,3,449,foundation
sciences institute,2,448,institute
memorial fund,2,448,fund
funding source,2,448,fund
funding none,2,447,fund
sciences niehs,2,447,science
grant funding,2,447,fund
foundation national natural,3,447,foundation
foundation deb,2,447,foundation
receives funding from,3,447,fund
health sciences niehs,3,446,science
funding financial,2,446,fund
israel binational science,3,446,science
interdisciplinary research,2,445,research
lung foundation,2,445,foundation
research foundation http,3,445,foundation
1 the funders,3,445,fund
foundation http www,3,445,foundation
us national institute,3,445,institute
packard foundation,2,445,foundation
china nsfc national,3,444,national
of the government,3,444,government
council for science,3,444,council
science foundation deb,3,444,foundation
research groups of,3,444,research
plant sciences,2,444,science
council grants,2,443,council
research centre at,3,443,research
parkinson s research,3,443,research
cancer research institute,3,443,institute
trust medical,2,442,trust
the research grant,3,442,research
army research office,3,442,research
science research project,3,442,research
general research fund,3,441,fund
to the national,3,441,national
foundation for health,3,441,foundation
evolutional science,2,441,science
hospital foundation,2,441,foundation
council australian,2,440,council
research were,2,440,research
the basic research,3,439,research
natural science and,3,439,science
department for international,3,439,national
guangxi natural science,3,439,science
prevention research,2,439,research
research used resources,3,439,research
funding sources had,3,439,fund
and a research,3,438,research
and a national,3,438,national
and development fund,3,438,fund
cancer society research,3,438,research
institute nih,2,437,institute
development fund of,3,437,fund
jusélius foundation,2,437,foundation
beijing municipal science,3,437,science
united states government,3,437,government
to the research,3,437,research
sigrid juselius foundation,3,437,foundation
the major science,3,437,science
evolutional science and,3,437,science
research council australian,3,436,council
a medical research,3,435,research
the strategic research,3,434,research
ukri medical research,3,434,research
the institut national,3,434,national
funds provided by,3,434,fund
fonds national de,3,433,national
for research technological,3,433,research
for evolutional science,3,433,science
study is funded,3,433,fund
institute strategic programme,3,433,institute
research council bb,3,433,council
for marine science,3,433,science
by science and,3,433,science
core research for,3,433,research
research for evolutional,3,433,research
on aging national,3,433,national
of research excellence,3,433,research
the cooperative research,3,432,research
the swedish foundation,3,432,foundation
institute for medical,3,432,institute
institute of molecular,3,431,institute
research centre for,3,431,research
for life sciences,3,431,science
the canada foundation,3,430,foundation
a european research,3,430,research
of science grant,3,430,science
african medical research,3,429,research
health research board,3,429,research
and national key,3,428,national
research fund grant,3,428,fund
foundation of south,3,428,foundation
collaborative research center,3,428,research
cancer research center,3,428,research
the indian council,3,428,council
gates foundation bill,3,427,foundation
medical sciences 10,3,427,science
institute for the,3,427,institute
fund grant no,3,426,fund
national taiwan university,3,426,national
science jsps mext,3,425,science
of medical science,3,425,science
behavior research foundation,3,425,foundation
funding we thank,3,425,fund
irish research council,3,425,council
trust10 13039 100010269,3,424,trust
key research development,3,424,research
canadian foundation for,3,424,foundation
foundation of tianjin,3,424,foundation
translational sciences ncats,3,423,science
research foundation under,3,422,foundation
research excellence fund,3,422,fund
foundation project no,3,422,foundation
research council grants,3,421,council
first research excellence,3,421,research
funding financial support,3,420,fund
national infrastructure for,3,419,national
china ministry of,3,418,ministry
postdoctoral research fellowship,3,418,research
council of science,3,418,council
science foundation rsf,3,418,foundation
foundation for polish,3,418,foundation
institute of medical,3,417,institute
for polish science,3,416,science
research support from,3,414,research
trust medical research,3,414,trust
and stroke national,3,414,national
blood institute http,3,414,institute
the collaborative research,3,414,research
research foundation https,3,413,foundation
nsfc national natural,3,412,national
council10 13039 501100000781,3,411,council
expedition and research,3,411,research
independent research fund,3,411,fund
and by national,3,411,national
funding sources this,3,410,fund
thailand science research,3,410,research
for infection research,3,410,research
commission of health,3,410,commission
china agricultural research,3,409,research
basic scientific research,3,409,research
institute on minority,3,409,institute
stem cell research,3,407,research
trust grant number,3,407,trust
a research fellowship,3,407,research
funds for central,3,407,fund
europe european research,3,406,research
of the international,3,406,national
special funds for,3,406,fund
university the funders,3,405,fund
the agency for,3,404,agency
national council of,3,404,council
canadian institute of,3,404,institute
funding we acknowledge,3,404,fund
grants council of,3,403,council
institute nci national,3,403,institute
special research fund,3,402,fund
institute of marine,3,401,institute
guangdong science and,3,401,science
received no funding,3,401,fund
research chairs program,3,399,research
program national natural,3,399,national
wellcome trust investigator,3,399,trust
501100001700ministry of education,3,399,ministry
part funded by,3,398,fund
scientific research grant,3,398,research
13039 501100001700ministry of,3,398,ministry
10 13039 501100001700ministry,3,398,ministry
education science research,3,398,research
the danish national,3,398,national
10 13039 100000025national,3,397,national
by the fundação,3,397,fund
the science foundation,3,397,foundation
of health foundation,3,396,foundation
100010269wellcome trust 10,3,396,trust
funding acquisition conceptualization,3,396,fund
rcuk medical research,3,395,research
ministry of business,3,395,ministry
by argonne national,3,395,national
and fundamental research,3,395,fund
taiwan ministry of,3,394,ministry
100000025national institute of,3,394,institute
13039 100000025national institute,3,394,institute
the polish national,3,394,national
research and by,3,393,research
open fund of,3,393,fund
100000001 national science,3,393,science
german science foundation,3,392,foundation
the dutch ministry,3,392,ministry
the portuguese foundation,3,392,foundation
institute for science,3,391,institute
research fund and,3,390,fund
helmsley charitable trust,3,390,trust
research council project,3,390,council
research centre brc,3,389,research
its core funding,3,389,fund
ontario genomics institute,3,389,institute
ministry of oceans,3,389,ministry
of sciences the,3,388,science
of life science,3,387,science
s national library,3,386,national
trust sanger institute,3,386,trust
foundation u s,3,386,foundation
sigrid jusélius foundation,3,385,foundation
the lundbeck foundation,3,385,foundation
estonian research council,3,384,council
wellcome trust medical,3,384,trust
california institute for,3,384,institute
wellcome trust sanger,3,384,trust
s research uk,3,384,research
research fund denmark,3,384,fund
the national library,3,384,national
general medical sciences10,3,383,science
agriculture science and,3,383,science
basic research grant,3,383,research
this research were,3,383,research
501100012166national key r,3,383,national
sciences10 13039 100000057,3,383,science
health foundation for,3,382,foundation
13039 501100001871fundação para,3,382,fund
aatos erkko foundation,3,382,foundation
funding support for,3,382,fund
10 13039 501100001871fundação,3,382,fund
research fund the,3,382,fund
medical institute http,3,382,institute
institute for basic,3,382,institute
canada first research,3,381,research
scientific research of,3,381,research
501100001871fundação para a,3,381,fund
provided by national,3,381,national
research plan of,3,380,research
science by argonne,3,380,science
foundation of yunnan,3,380,foundation
seoul national university,3,380,national
southern marine science,3,380,science
by fundação para,3,379,fund
council national health,3,378,council
university research fund,3,378,fund
council bbsrc https,3,378,council
council10 13039 501100000265,3,377,council
development institute khidi,3,377,institute
no funding for,3,377,fund
research fund project,3,377,fund
up funds from,3,375,fund
korea government msit,3,375,government
of agricultural science,3,375,science
institutehttps doi org,3,375,institute
research fellowship and,3,375,research
institute of genetics,3,373,institute
postdoctoral science foundation10,3,373,foundation
for clinical research,3,372,research
funding acquisition project,3,372,fund
institute university of,3,372,institute
environmental research and,3,372,research
the chinese national,3,371,national
institutes of healthhttp,3,371,institute
the research reported,3,370,research
funded by wellcome,3,369,fund
korean government msit,3,369,government
the thailand research,3,369,research
recherche agence nationale,3,369,national
lucile packard foundation,3,368,foundation
charge national institutes,3,368,institute
research council through,3,368,council
research project for,3,367,research
institute at the,3,367,institute
of extramural research,3,366,research
scientific research at,3,366,research
of the federal,3,366,federal
scientific research program,3,366,research
a national institute,3,366,institute
also received funding,3,365,fund
and innovation commission,3,365,commission
science technology development,3,365,science
funding information the,3,364,fund
investigation funding acquisition,3,364,fund
13039 501100000780european commission,3,364,commission
and research grant,3,364,research
10 13039 100005825national,3,364,national
13039 100005825national institute,3,364,institute
100005825national institute of,3,364,institute
research board serb,3,364,research
oak ridge national,3,363,national
funded by european,3,363,fund
a national health,3,363,national
from national institutes,3,362,institute
a natural sciences,3,362,science
foundation of liaoning,3,362,foundation
of sciences no,3,362,science
the national program,3,362,national
energy sciences under,3,361,science
funds through fct,3,361,fund
smith foundation for,3,361,foundation
finnish cultural foundation,3,361,foundation
national excellence program,3,361,national
ridge national laboratory,3,360,national
cancer institute 10,3,360,institute
the leverhulme trust,3,360,trust
health protection research,3,359,research
research council starting,3,359,council
international science and,3,359,science
health research10 13039,3,359,research
foundation for distinguished,3,358,foundation
and research miur,3,358,research
extramural research national,3,358,research
health research council,3,358,council
research university of,3,358,research
development fund and,3,357,fund
of sciences national,3,356,science
institute of planning,3,356,institute
public welfare research,3,355,research
the polish ministry,3,355,ministry
access publishing fund,3,355,fund
of the science,3,354,science
of sciences cas,3,354,science
the following funding,3,353,fund
health the funders,3,353,fund
foundation10 13039 501100002858,3,352,foundation
innovative research groups,3,352,research
support this research,3,352,research
100000002 national science,3,352,science
by national research,3,352,research
project is funded,3,352,fund
research grant scheme,3,352,research
national center of,3,351,national
protection research unit,3,351,research
100000054 national cancer,3,350,national
501100003977israel science foundation,3,349,foundation
foundation of korea10,3,349,foundation
research practice innovation,3,349,research
agency for innovation,3,349,agency
science and research,3,348,research
agricultural sciences and,3,348,science
foundation for young,3,347,foundation
cancer prevention research,3,347,research
501100004663ministry of science,3,347,ministry
13039 501100003977israel science,3,347,science
foundation nsf national,3,346,foundation
of sciences10 13039,3,346,science
prevention research institute,3,346,institute
research council fp7,3,346,council
national health research,3,346,research
foundation nrf of,3,345,foundation
research is funded,3,345,fund
kong research grants,3,345,research
and forestry sciences,3,345,science
government department of,3,345,government
plant genome research,3,345,research
agricultural research and,3,345,research
ministry of the,3,345,ministry
the research institute,3,344,institute
research project was,3,344,research
and translational sciences,3,344,science
national cancer center,3,343,national
foundation through the,3,343,foundation
academy of sciences10,3,343,science
for agriculture science,3,343,science
area research and,3,343,research
science basic research,3,343,research
by core funding,3,342,fund
foundation project of,3,342,foundation
science foundation china,3,342,foundation
the grant agency,3,342,agency
institute for regenerative,3,342,institute
100004440wellcome trust wellcome,3,342,trust
and development agency,3,342,agency
key area research,3,342,research
development fund project,3,342,fund
postgraduate research practice,3,341,research
funding from cancer,3,341,fund
or the national,3,341,national
regional government of,3,341,government
scientific research a,3,341,research
medical sciences and,3,341,science
research training group,3,340,research
new national excellence,3,340,national
cancer research the,3,339,research
the korea institute,3,339,institute
council mrc https,3,339,council
technological research council,3,338,council
research foundation deutsche,3,338,foundation
for cardiovascular research,3,338,research
10 13039 501100004663ministry,3,338,ministry
13039 501100004663ministry of,3,338,ministry
